name,prefix,seed,dim,k,nn,alpha,theta,ari,nmi,sum
SCAR,low_data,7,100,10,10,0.5,5000,0.04627382538581424,0.09415902890905217,0.1404328542948664
SCAR,low_data,7,100,10,10,0.6,5000,0.038915570154433074,0.11913570351260303,0.15805127366703609
SCAR,low_data,7,100,10,10,0.7,5000,0.0026792552086763273,0.05375095125544903,0.05643020646412535
SCAR,low_data,7,100,10,10,0.8,5000,0.00145702620024943,0.004424487675160966,0.005881513875410396
