name,prefix,seed,dim,k,nn,alpha,theta,ari,nmi,sum
SCAR,low_data,2,100,10,10,0.5,5000,0.02420036936599082,0.09115799558802913,0.11535836495401995
SCAR,low_data,2,100,10,10,0.6,5000,0.03741505013933951,0.10122497039506627,0.13864002053440577
SCAR,low_data,2,100,10,10,0.7,5000,0.00296383763348339,0.058950881402276854,0.06191471903576024
SCAR,low_data,2,100,10,10,0.8,5000,0.0001654310689688013,0.001117267605834049,0.0012826986748028504
