name,prefix,seed,dim,k,nn,alpha,theta,ari,nmi,sum
SCAR,low_data,4,100,10,10,0.5,5000,0.06611112769412325,0.14870443211330664,0.2148155598074299
SCAR,low_data,4,100,10,10,0.6,5000,0.06888688901987278,0.15322310392418223,0.222109992944055
SCAR,low_data,4,100,10,10,0.7,5000,0.003484775428410805,0.06324912599153575,0.06673390141994655
SCAR,low_data,4,100,10,10,0.8,5000,0.06570427081234044,0.14172493326147606,0.2074292040738165
