name,prefix,seed,dim,k,nn,alpha,theta,ari,nmi,sum
SCAR,low_data,9,100,10,10,0.5,5000,0.08299243475620445,0.17591695582485126,0.2589093905810557
SCAR,low_data,9,100,10,10,0.6,5000,0.023607100293336993,0.08512877667822652,0.1087358769715635
SCAR,low_data,9,100,10,10,0.7,5000,-0.007549456064960489,0.04088071760451271,0.033331261539552216
SCAR,low_data,9,100,10,10,0.8,5000,0.008126274120995942,0.02436440975988245,0.03249068388087839
