name,prefix,seed,dim,k,nn,alpha,theta,ari,nmi,sum
SCAR,low_data,0,100,10,10,0.5,5000,0.05634440661988892,0.13664821050145878,0.1929926171213477
SCAR,low_data,0,100,10,10,0.6,5000,0.03192358095695217,0.09235968314520765,0.12428326410215981
SCAR,low_data,0,100,10,10,0.7,5000,-0.0010463230362292863,0.041137017293052476,0.04009069425682319
SCAR,low_data,0,100,10,10,0.8,5000,0.006505315647645856,0.018690111410967568,0.025195427058613423
