name,prefix,seed,dim,k,nn,alpha,theta,ari,nmi,sum
SCAR,low_data,3,100,10,10,0.5,5000,0.0439882497777098,0.11210315984628841,0.1560914096239982
SCAR,low_data,3,100,10,10,0.6,5000,0.018350193076100623,0.07744567819264579,0.09579587126874642
SCAR,low_data,3,100,10,10,0.7,5000,-7.739472891744786e-05,0.03803094647448206,0.03795355174556461
SCAR,low_data,3,100,10,10,0.8,5000,0.007994267951097435,0.022815292107893084,0.03080956005899052
