name,prefix,seed,dim,k,nn,alpha,theta,ari,nmi,sum
SCAR,low_data,8,100,10,10,0.5,5000,0.041429597540168006,0.11538556832764592,0.1568151658678139
SCAR,low_data,8,100,10,10,0.6,5000,0.019803151399353965,0.10650576461847643,0.1263089160178304
SCAR,low_data,8,100,10,10,0.7,5000,-0.002563771285370321,0.03426137926167753,0.031697607976307204
SCAR,low_data,8,100,10,10,0.8,5000,2.726276299387268e-05,0.0004224719353758214,0.0004497346983696941
