name,prefix,seed,dim,k,nn,alpha,theta,ari,nmi,sum
SCAR,low_data,6,100,10,10,0.5,5000,0.03859642340369793,0.08764377676871471,0.12624020017241264
SCAR,low_data,6,100,10,10,0.6,5000,0.021015319033933978,0.10433784580692505,0.12535316484085904
SCAR,low_data,6,100,10,10,0.7,5000,0.03698515648990793,0.11299922307086782,0.14998437956077576
SCAR,low_data,6,100,10,10,0.8,5000,0.008477234567035023,0.02559822251328203,0.03407545708031705
SCAR,low_data,6,100,10,10,0.9,5000,0.005512828780828594,0.04985327655858275,0.055366105339411345
SCAR,low_data,6,100,10,15,0.5,5000,0.17144032961844877,0.27398777220881254,0.44542810182726134
SCAR,low_data,6,100,10,15,0.6,5000,0.13337293347677448,0.23379795772677003,0.3671708912035445
SCAR,low_data,6,100,10,15,0.7,5000,0.0750615117847337,0.17340718961138582,0.24846870139611954
