name,prefix,seed,dim,k,nn,alpha,theta,ari,nmi,sum
SCAR,low_data,5,100,10,10,0.5,5000,0.025298226907539776,0.09638136401585055,0.12167959092339033
SCAR,low_data,5,100,10,10,0.6,5000,0.03421260299406669,0.10387828044215107,0.13809088343621775
SCAR,low_data,5,100,10,10,0.7,5000,-0.0016264795079631463,0.029840494551043647,0.0282140150430805
SCAR,low_data,5,100,10,10,0.8,5000,0.08258998745461404,0.1686151666628816,0.25120515411749567
