name,prefix,seed,dim,k,nn,alpha,theta,ari,nmi,sum
SCAR,low_data,1,100,10,10,0.5,5000,0.07661274274008331,0.15761941636745466,0.23423215910753797
SCAR,low_data,1,100,10,10,0.6,5000,0.048031700051819656,0.1246615978123691,0.17269329786418874
SCAR,low_data,1,100,10,10,0.7,5000,-0.0015421229889319966,0.03892830707811703,0.03738618408918503
SCAR,low_data,1,100,10,10,0.8,5000,2.726276299387268e-05,0.0004224719353758214,0.0004497346983696941
