name,prefix,seed,dim,n_clusters,reconstruction_loss_weight,embedding_size,ari,nmi,sum
DipEncoder,new_data_scaled,1,2,10,,2,0.5325524126839519,0.6737168568258569,1.206269269509809
DipEncoder,new_data_scaled,1,2,10,10,2,0.5749644150201464,0.6875654357211503,1.2625298507412968
DipEncoder,new_data_scaled,1,2,10,100,2,0.5442585383599294,0.6818066946201311,1.2260652329800605
DipEncoder,new_data_scaled,1,2,10,1000,2,0.38723475589716044,0.602640949599964,0.9898757054971243
