name,prefix,seed,dim,n_clusters,reconstruction_loss_weight,embedding_size,ari,nmi,sum
DipEncoder,new_data_scaled,5,2,10,,2,0.5871649680238864,0.6947855585378782,1.2819505265617646
DipEncoder,new_data_scaled,5,2,10,10,2,0.5225295255492838,0.689865643034066,1.2123951685833498
DipEncoder,new_data_scaled,5,2,10,100,2,0.46675025917839474,0.6697501704818537,1.1365004296602486
DipEncoder,new_data_scaled,5,2,10,1000,2,0.5552527859705088,0.6973121666355552,1.2525649526060638
