name,prefix,seed,dim,n_clusters,reconstruction_loss_weight,embedding_size,ari,nmi,sum
DipEncoder,new_data_scaled,6,2,10,,2,0.5054703672826275,0.6816157184598596,1.1870860857424872
DipEncoder,new_data_scaled,6,2,10,10,2,0.5357973580443202,0.6972681697743672,1.2330655278186873
DipEncoder,new_data_scaled,6,2,10,100,2,0.44277086674768196,0.6188354979354438,1.0616063646831257
DipEncoder,new_data_scaled,6,2,10,1000,2,0.40345389445099755,0.62466317319437,1.0281170676453675
